{"cameraMode":{"drawMode":0,"name":"Shaded","section":"Shading Mode"},"sceneLighting":false,"audioPlay":false,"sceneViewState":{"showFog":true,"showMaterialUpdate":true,"showSkybox":false,"showFlares":true,"showImageEffects":true,"showParticleSystems":true},"in2DMode":false,"pivot":{"x":-0.08162951469421387,"y":2.289308547973633,"z":0.09623506665229798},"rotation":{"x":0.11220593750476837,"y":0.7215188145637512,"z":-0.1203724816441536,"w":0.6725696921348572},"size":2.4730522632598879,"orthographic":false}