{"cameraMode":{"drawMode":0,"name":"Shaded","section":"Shading Mode"},"sceneLighting":false,"audioPlay":false,"sceneViewState":{"showFog":true,"showMaterialUpdate":true,"showSkybox":false,"showFlares":true,"showImageEffects":true,"showParticleSystems":true},"in2DMode":false,"pivot":{"x":414.8040771484375,"y":222.67938232421876,"z":-0.499950110912323},"rotation":{"x":0.13994020223617555,"y":-0.44946780800819399,"z":0.0715218111872673,"w":0.8793789744377136},"size":40.697052001953128,"orthographic":false}