{"cameraMode":{"drawMode":0,"name":"Shaded","section":"Shading Mode"},"sceneLighting":false,"audioPlay":false,"sceneViewState":{"showFog":true,"showMaterialUpdate":true,"showSkybox":false,"showFlares":true,"showImageEffects":true,"showParticleSystems":true},"in2DMode":false,"pivot":{"x":4.931177139282227,"y":4.099684715270996,"z":-9.556938171386719},"rotation":{"x":0.0010093525052070618,"y":0.9776442050933838,"z":-0.21022802591323853,"w":0.004693746101111174},"size":1.7660253047943116,"orthographic":false}