{"cameraMode":{"drawMode":0,"name":"Shaded","section":"Shading Mode"},"sceneLighting":false,"audioPlay":false,"sceneViewState":{"showFog":true,"showMaterialUpdate":true,"showSkybox":true,"showFlares":true,"showImageEffects":true,"showParticleSystems":true},"in2DMode":false,"pivot":{"x":148.16281127929688,"y":461.870849609375,"z":-331.0846862792969},"rotation":{"x":0.042289938777685168,"y":-0.9226932525634766,"z":0.10593337565660477,"w":0.3683137893676758},"size":734.8035278320313,"orthographic":false}